PLAYER_NAME,TEAM_ABBREVIATION,GP,MIN,FG_PCT,FG3_PCT,FT_PCT,REB,AST,TOV,STL,BLK,PTS,PLUS_MINUS,NBA_FANTASY_PTS,NBA_FANTASY_PTS_RANK,PLUS_MINUS_RANK,PLAYER_ID,POSITION
A.J. Lawson,TOR,26,486.41,0.421,0.327,0.683,86,31,15,13,6,236,-17,427.7,375,299,1630639,G
AJ Green,MIL,73,1659.1416666666667,0.429,0.427,0.815,174,108,40,37,7,541,227,1003.8,247,62,1631260,G
AJ Johnson,WAS,29,638.3866666666667,0.385,0.267,0.865,59,76,35,12,3,220,-152,414.8,379,495,1642358,G
Aaron Gordon,DEN,51,1446.7166666666667,0.531,0.436,0.81,247,164,73,23,14,748,301,1328.4,183,41,203932,F
Aaron Holiday,HOU,62,792.2466666666667,0.437,0.398,0.829,78,83,37,19,11,340,88,611.1,322,115,1628988,G
Aaron Nesmith,IND,45,1121.6183333333333,0.507,0.431,0.913,178,54,37,35,17,541,198,954.6,259,72,1630174,G-F
Aaron Wiggins,OKC,76,1743.9,0.488,0.383,0.831,295,134,69,60,18,914,514,1634.0,123,9,1630598,G
Adam Flagler,OKC,37,202.965,0.26,0.194,0.5,27,12,4,8,3,65,7,144.4,464,213,1641745,G
Adama Sanogo,CHI,4,21.498333333333335,0.571,0.0,0.0,6,1,1,0,0,8,-5,15.7,545,258,1641766,
Adem Bona,PHI,58,904.55,0.703,0.0,0.67,245,27,61,26,69,337,-112,895.5,270,459,1641737,F
Ajay Mitchell,OKC,36,596.955,0.495,0.383,0.829,68,64,29,25,4,234,127,469.6,359,99,1642349,G
Al Horford,BOS,60,1658.5733333333333,0.423,0.363,0.895,369,128,46,36,51,538,397,1387.8,170,20,201143,C-F
Alec Burks,MIA,49,863.4966666666667,0.424,0.425,0.776,124,55,29,28,7,356,110,663.3,314,106,202692,G
Alex Caruso,OKC,54,1040.635,0.446,0.353,0.824,159,137,37,87,30,382,321,1092.3,228,35,1627936,G
Alex Ducas,OKC,21,125.34166666666667,0.4,0.476,1.0,26,5,4,5,0,36,-22,85.7,489,317,1642505,G
Alex Len,LAL,46,379.79,0.508,0.222,0.471,95,38,20,9,21,74,-153,315.0,406,497,203458,C
Alex Reese,PHI,15,216.04666666666665,0.481,0.366,0.75,47,4,6,10,10,76,19,192.4,449,190,1642024,F-C
Alex Sarr,WAS,67,1814.2283333333332,0.394,0.308,0.679,435,161,114,44,101,869,-546,1953.5,88,566,1642259,C
Alondes Williams,DET,1,3.716666666666667,1.0,1.0,0.0,0,1,0,0,0,5,6,6.5,556,217,1631214,
Alperen Sengun,HOU,76,2394.9766666666665,0.496,0.233,0.692,786,372,194,84,61,1451,410,3193.2,11,17,1630578,C
Amen Thompson,HOU,69,2225.415,0.557,0.275,0.684,564,265,138,97,89,970,268,2464.3,46,50,1641708,G-F
Amir Coffey,LAC,72,1747.54,0.471,0.409,0.891,161,77,45,40,7,696,-66,1100.7,226,404,1629599,G-F
Andre Drummond,PHI,40,750.6333333333333,0.5,0.15,0.622,310,34,55,39,18,293,-245,832.0,283,529,203083,C
Andre Jackson Jr.,MIL,67,980.0916666666667,0.477,0.395,0.5,182,83,58,34,14,230,-33,658.9,315,352,1641748,G
Andrew Nembhard,IND,65,1880.67,0.458,0.291,0.794,216,326,112,79,11,653,204,1559.2,141,68,1629614,G-F
Andrew Wiggins,MIA,60,1842.2816666666668,0.448,0.374,0.763,269,158,99,60,50,1078,-100,1868.8,98,452,203952,F
Anfernee Simons,POR,70,2291.8983333333335,0.426,0.363,0.902,189,337,143,60,5,1348,-220,2132.3,69,520,1629014,G
Anthony Black,ORL,78,1886.9933333333333,0.423,0.318,0.761,230,240,139,86,48,736,-40,1635.0,121,367,1641710,G
Anthony Davis,DAL,51,1705.4883333333332,0.516,0.282,0.775,590,181,113,59,110,1261,25,2634.5,35,180,203076,F-C
Anthony Edwards,MIN,79,2871.0583333333334,0.447,0.395,0.837,450,359,249,91,51,2177,291,3432.5,6,46,1630162,G
Anthony Gill,WAS,51,397.575,0.489,0.323,0.66,66,16,10,9,2,129,-73,255.2,431,422,1630264,F
Anton Watson,NYK,9,22.166666666666668,0.444,0.0,0.0,3,2,2,1,0,8,-9,15.6,546,272,1641817,F
Antonio Reeves,NOP,44,659.5583333333333,0.456,0.395,0.8,63,39,30,21,4,305,-150,484.1,348,494,1641810,G
Ariel Hukporti,NYK,25,217.365,0.677,0.0,0.462,51,11,21,1,15,48,-63,152.7,457,397,1630574,C
Armel Traoré,LAL,9,66.66666666666667,0.316,0.0,0.286,15,1,3,4,2,14,-49,48.5,517,377,1642422,
Ausar Thompson,DET,59,1327.715,0.535,0.224,0.641,303,134,80,98,40,594,67,1492.6,153,125,1641709,G-F
Austin Reaves,LAL,73,2550.0916666666667,0.46,0.377,0.877,329,421,177,81,22,1475,195,2633.3,36,73,1630559,G
Ayo Dosunmu,CHI,46,1393.8833333333334,0.492,0.328,0.785,161,208,69,43,18,566,-234,1185.2,214,524,1630245,G
Bam Adebayo,MIA,78,2673.693333333333,0.485,0.357,0.765,749,337,161,98,53,1410,27,3106.3,15,175,1628389,C-F
Baylor Scheierman,BOS,31,383.8883333333333,0.355,0.317,0.75,65,33,12,17,2,113,29,285.5,421,171,1631248,G
Ben Sheppard,IND,63,1229.5583333333334,0.418,0.342,0.889,177,85,22,38,14,332,-59,805.9,287,392,1641767,G
Ben Simmons,LAC,51,1119.6933333333334,0.52,0.0,0.727,241,285,102,38,23,256,-56,1053.7,237,388,1627732,G-F
Bennedict Mathurin,IND,72,2149.318333333333,0.458,0.34,0.831,383,136,135,47,24,1156,94,1897.6,93,114,1631097,G-F
Bilal Coulibaly,WAS,59,1947.5066666666667,0.421,0.281,0.746,294,199,125,78,41,727,-587,1610.3,129,568,1641731,G
Bismack Biyombo,SAS,28,527.4866666666667,0.588,0.0,0.4,158,31,27,16,23,144,-100,470.1,357,452,202687,C
Blake Wesley,SAS,58,683.1066666666667,0.435,0.293,0.623,61,114,54,37,6,217,-9,536.2,336,272,1631104,G
Bobby Portis,MIL,49,1243.68,0.466,0.365,0.836,411,104,57,35,26,680,95,1455.2,159,113,1626171,F
Bobi Klintman,DET,8,42.38166666666667,0.6,0.4,0.5,7,7,1,2,1,15,0,41.9,522,236,1641752,F
Bogdan Bogdanović,LAC,54,1347.6583333333333,0.427,0.363,0.879,159,146,74,41,11,583,106,1074.8,232,108,203992,G
Bol Bol,PHX,36,448.48333333333335,0.525,0.344,0.769,104,22,20,9,25,244,-37,483.8,349,358,1629626,C-F
Bones Hyland,MIN,24,238.77,0.398,0.39,0.885,25,32,25,18,4,149,-31,268.0,428,347,1630538,G
Bradley Beal,PHX,53,1702.1916666666666,0.497,0.386,0.803,177,195,99,58,28,902,-273,1565.9,138,537,203078,G
Branden Carlson,OKC,32,246.40333333333334,0.443,0.333,0.778,54,14,7,5,21,122,41,278.8,424,155,1642382,C
Brandin Podziemski,GSW,64,1716.3483333333334,0.445,0.372,0.758,325,220,75,69,13,747,261,1638.0,120,55,1641764,G
Brandon Boston,NOP,42,992.78,0.436,0.35,0.788,134,92,52,53,9,448,-140,880.8,273,486,1630527,G
Brandon Clarke,MEM,64,1206.8616666666667,0.621,0.059,0.701,326,66,41,52,36,534,181,1247.2,200,77,1629634,F
Brandon Ingram,TOR,18,595.0316666666666,0.465,0.374,0.855,100,93,69,16,11,400,-128,671.5,312,475,1627742,F
Brandon Miller,CHA,27,923.565,0.403,0.355,0.861,131,98,76,29,20,568,-124,943.2,263,469,1641706,F
Brandon Williams,DAL,33,487.13,0.521,0.4,0.833,58,76,39,24,5,275,10,506.6,341,202,1630314,G
Braxton Key,GSW,3,10.825,0.0,0.0,0.5,2,0,1,2,0,3,-8,10.4,552,269,1630296,F
Brice Sensabaugh,UTA,71,1431.9216666666666,0.459,0.422,0.89,210,110,107,46,8,772,-285,1244.0,202,543,1641729,F
Bronny James,LAL,27,181.24333333333334,0.313,0.281,0.786,18,22,13,9,3,62,-71,139.6,465,417,1642355,G
Brook Lopez,MIL,80,2546.07,0.509,0.373,0.826,401,143,84,50,148,1041,134,2246.7,64,97,201572,C
Bruce Brown,NOP,41,921.53,0.421,0.333,0.815,164,84,39,34,10,340,-226,755.8,296,522,1628971,G-F
Bruno Fernando,TOR,17,146.58,0.531,0.0,0.75,51,18,14,4,9,58,-22,171.2,454,317,1628981,
Bryce McGowens,POR,13,32.016666666666666,0.286,0.0,0.833,3,2,4,1,0,13,-4,18.6,542,255,1631121,G
Bub Carrington,WAS,82,2457.79,0.401,0.339,0.812,341,364,141,54,21,807,-798,1846.2,102,569,1642267,G
Buddy Hield,GSW,82,1862.9883333333332,0.417,0.37,0.828,264,134,91,69,23,912,141,1614.8,127,96,1627741,G
CJ McCollum,NOP,56,1831.6783333333333,0.444,0.373,0.717,212,227,106,46,24,1183,-279,1881.9,95,541,203468,G
Cade Cunningham,DET,70,2451.9466666666667,0.469,0.356,0.846,425,638,309,71,53,1830,175,3360.0,9,78,1630595,G
Caleb Houstan,ORL,58,787.99,0.421,0.4,0.882,75,35,13,22,6,239,-66,452.5,367,404,1631216,G
Caleb Martin,DAL,45,1218.0166666666667,0.424,0.359,0.622,177,95,56,46,23,356,-155,861.9,279,498,1628997,F
Cam Christie,LAC,13,58.64833333333333,0.292,0.154,0.5,12,6,2,5,1,18,-10,57.4,511,276,1642353,G
Cam Reddish,LAL,33,589.45,0.404,0.277,0.615,66,22,12,33,10,105,-91,334.2,401,443,1629629,
Cam Spencer,MEM,25,252.24333333333334,0.415,0.365,1.0,30,34,6,9,1,106,40,217.0,441,157,1642285,G
Cam Thomas,BKN,25,781.1566666666666,0.438,0.349,0.881,83,94,62,15,2,599,-92,828.6,284,444,1630560,G
Cam Whitmore,HOU,51,826.585,0.444,0.355,0.75,151,49,46,31,13,477,-1,817.7,285,239,1641715,F
Cameron Johnson,BKN,57,1799.7633333333333,0.475,0.39,0.893,247,194,99,53,25,1070,-200,1792.4,106,512,1629661,F
Cameron Payne,NYK,72,1089.9766666666667,0.401,0.363,0.907,104,203,52,39,16,500,204,1042.3,238,68,1626166,G
Caris LeVert,ATL,64,1596.1066666666666,0.467,0.373,0.71,203,215,76,57,33,776,258,1536.1,146,56,1627747,G
Cason Wallace,OKC,68,1876.26,0.474,0.356,0.811,229,173,59,120,35,568,369,1508.3,150,22,1641717,G
Charles Bassey,SAS,36,375.515,0.581,0.0,0.636,152,17,23,14,30,157,-129,473.9,353,476,1629646,C-F
Chet Holmgren,OKC,32,876.54,0.49,0.379,0.754,257,63,56,23,71,479,294,1107.9,223,45,1631096,C-F
Chris Boucher,TOR,50,862.3,0.492,0.363,0.782,224,33,29,24,25,502,5,938.3,264,219,1628449,F
Chris Duarte,CHI,17,74.46833333333333,0.462,0.4,0.75,20,9,1,0,0,36,12,72.5,498,197,1630537,
Chris Livingston,MIL,21,105.81,0.333,0.0,0.75,35,5,6,5,0,30,-29,88.5,484,343,1641753,F
Chris Paul,SAS,82,2292.1633333333334,0.427,0.377,0.924,296,605,129,103,22,723,4,2231.7,65,223,101108,G
Christian Braun,DEN,79,2675.383333333333,0.58,0.397,0.827,410,205,81,85,37,1218,480,2302.5,60,13,1631128,G
Christian Koloko,LAL,37,341.53,0.606,0.0,0.714,92,16,12,8,16,90,-7,284.4,422,266,1631132,C
Chuma Okeke,CLE,9,196.68,0.5,0.393,0.667,47,15,3,5,4,53,-28,155.9,456,338,1629643,F
Clint Capela,ATL,55,1176.4333333333334,0.559,0.0,0.536,469,62,47,34,53,488,-79,1357.8,176,429,203991,C
Coby White,CHI,74,2450.2566666666667,0.453,0.37,0.902,273,330,177,69,16,1509,-141,2409.6,51,487,1629632,G
Cody Martin,PHX,53,1173.2066666666667,0.418,0.285,0.705,224,105,51,56,32,358,-105,997.3,251,457,1628998,F
Cody Williams,UTA,50,1059.6116666666667,0.323,0.259,0.725,113,59,44,23,16,230,-339,527.1,339,553,1642262,F
Colby Jones,WAS,39,514.6483333333333,0.457,0.327,0.657,87,44,23,26,13,157,-112,421.4,377,459,1641732,G
Cole Anthony,MEM,67,1234.1133333333332,0.424,0.353,0.823,204,191,103,45,32,630,-16,1289.3,195,295,1630175,G
Cole Swider,TOR,10,169.5,0.349,0.319,0.0,27,3,4,4,2,59,54,109.9,476,135,1631306,
Colin Castleton,TOR,26,431.99,0.469,0.125,0.763,122,28,23,8,10,123,-30,342.4,397,346,1630658,C
Collin Gillespie,PHX,33,461.2183333333333,0.43,0.433,0.864,78,78,17,21,5,194,-29,465.6,362,343,1631221,G
Collin Sexton,UTA,63,1757.76,0.48,0.406,0.865,171,264,160,47,6,1159,-286,1759.2,108,544,1629012,G
Corey Kispert,WAS,61,1601.5233333333333,0.451,0.364,0.852,181,103,64,26,14,705,-274,1132.7,218,538,1630557,F
Cory Joseph,ORL,50,611.7333333333333,0.403,0.364,0.778,74,72,18,26,4,177,35,445.8,368,164,202709,G
Craig Porter Jr.,CLE,51,513.265,0.514,0.438,0.719,67,71,38,17,15,188,-45,432.9,374,371,1641854,G
Cui Yongxi,BKN,5,10.318333333333333,0.143,0.0,0.5,2,0,0,0,0,3,2,5.4,560,226,1642385,
D'Angelo Russell,BKN,58,1480.4183333333333,0.39,0.314,0.834,162,297,108,56,23,732,0,1500.9,152,236,1626156,G
D.J. Carton,TOR,4,33.38666666666666,0.143,0.0,1.0,4,3,4,2,0,3,12,14.3,549,197,1630618,
DaQuan Jeffries,CHA,47,1071.5066666666667,0.405,0.335,0.8,135,53,35,26,25,315,-276,674.5,311,539,1629610,G-F
Daeqwon Plowden,ATL,6,71.55,0.64,0.529,1.0,11,2,4,0,0,43,29,55.2,513,171,1631342,G-F
Daishen Nix,MIN,3,13.233333333333333,0.0,0.0,0.5,4,3,4,0,0,1,9,6.3,557,206,1630227,
Dalano Banton,POR,67,1119.945,0.391,0.324,0.728,135,160,86,43,34,559,-55,1106.0,225,384,1630625,F
Dalen Terry,CHI,73,987.1783333333333,0.448,0.356,0.71,124,97,53,44,15,326,-172,744.3,297,506,1631207,F
Dalton Knecht,LAL,78,1493.795,0.461,0.376,0.762,216,66,37,24,8,706,-73,1123.2,220,422,1642261,F
Damian Lillard,MIL,58,2092.87,0.448,0.376,0.921,272,410,162,70,10,1447,53,2466.4,45,137,203081,G
Damion Baugh,CHA,15,370.48833333333334,0.323,0.214,0.867,50,56,31,15,2,109,-169,273.0,426,503,1641878,G
Damion Lee,PHX,25,144.01833333333335,0.365,0.243,0.952,20,11,10,6,0,83,25,131.5,468,180,1627814,G-F
Daniel Gafford,DAL,57,1226.095,0.702,0.0,0.689,388,80,66,23,102,701,35,1595.6,131,164,1629655,F-C
Daniel Theis,NOP,38,621.2416666666667,0.473,0.243,0.838,164,60,25,18,20,162,-61,537.8,335,394,1628464,
Daniss Jenkins,DET,7,22.748333333333335,0.3,0.143,0.0,2,3,1,0,0,7,-9,12.9,550,272,1642450,G
Danté Exum,DAL,20,372.31,0.478,0.434,0.742,33,56,22,12,3,174,-48,320.6,403,375,203957,G
Dario Šarić,DEN,16,210.38333333333333,0.362,0.269,0.7,50,23,15,7,1,56,-49,159.5,455,377,203967,F-C
Dariq Whitehead,BKN,20,246.07833333333335,0.406,0.446,0.6,29,12,15,6,1,114,-64,172.8,452,399,1641727,G-F
Darius Garland,CLE,75,2300.77,0.472,0.401,0.878,214,506,189,91,11,1544,499,2676.8,31,12,1629636,G
David Duke Jr.,SAS,6,33.71666666666667,0.429,0.5,0.5,5,4,2,1,0,16,28,29.0,528,174,1630561,G
David Roddy,HOU,33,409.75333333333333,0.456,0.311,0.769,84,35,22,14,9,153,-76,353.3,394,426,1631223,F
Davion Mitchell,MIA,74,2027.3133333333333,0.468,0.398,0.69,167,363,128,72,16,588,-3,1468.9,157,252,1630558,G
Day'Ron Sharpe,BKN,50,907.4583333333334,0.521,0.244,0.757,330,91,63,41,42,397,64,1115.5,221,128,1630549,C
De'Aaron Fox,SAS,62,2241.1366666666668,0.463,0.31,0.827,298,392,174,91,25,1459,-69,2578.6,39,413,1628368,G
De'Andre Hunter,CLE,64,1740.015,0.47,0.405,0.846,258,92,82,50,13,1088,88,1642.6,118,115,1629631,F-G
De'Anthony Melton,BKN,6,120.98333333333333,0.407,0.371,0.625,20,17,10,7,2,62,27,128.5,470,175,1629001,G
DeAndre Jordan,DEN,56,690.7016666666667,0.65,0.0,0.422,284,53,40,16,27,209,-47,718.3,306,373,201599,C
DeMar DeRozan,SAC,77,2767.615,0.477,0.328,0.857,298,342,105,62,32,1710,110,2757.6,27,106,201942,G-F
Dean Wade,CLE,59,1252.4516666666666,0.413,0.36,0.533,249,76,22,42,20,320,284,896.8,269,47,1629731,F-C
Deandre Ayton,POR,40,1205.62,0.566,0.188,0.667,406,64,69,31,39,576,-162,1300.2,191,502,1629028,C
Dejounte Murray,NOP,31,1012.1483333333333,0.393,0.299,0.823,200,228,106,63,12,542,-207,1243.0,203,515,1627749,G
Delon Wright,NYK,40,634.4966666666667,0.344,0.274,0.6,66,77,22,35,12,125,1,438.7,370,230,1626153,G
Deni Avdija,POR,72,2161.1483333333335,0.476,0.365,0.78,522,281,196,71,35,1219,-78,2388.9,53,428,1630166,F
Dennis Schröder,DET,75,2104.778333333333,0.406,0.342,0.838,198,404,142,66,12,980,-72,1915.6,91,420,203471,G
Dereck Lively II,DAL,36,832.7366666666667,0.702,0.0,0.63,270,85,41,20,56,314,121,952.5,260,103,1641726,C
Derrick Jones Jr.,LAC,77,1873.3883333333333,0.526,0.356,0.703,263,60,66,79,33,781,249,1456.6,158,59,1627884,F
Derrick White,BOS,76,2573.615,0.442,0.384,0.839,341,361,131,72,80,1248,540,2523.7,42,6,1628401,G
Desmond Bane,ORL,69,2205.225,0.484,0.392,0.894,418,369,169,80,28,1327,143,2537.1,41,95,1630217,G
Devin Booker,PHX,75,2794.9666666666667,0.461,0.332,0.894,305,529,220,67,16,1923,-177,3111.5,14,507,1626164,G
Devin Carter,SAC,36,395.9433333333333,0.37,0.295,0.591,76,41,18,21,4,138,43,347.7,396,151,1642269,G
Devin Vassell,SAS,64,1983.185,0.443,0.368,0.792,255,183,88,84,33,1041,-262,1884.5,94,535,1630170,G-F
Dillon Brooks,HOU,75,2388.2616666666668,0.429,0.397,0.818,275,128,76,60,16,1053,207,1727.0,111,67,1628415,G-F
Dillon Jones,OKC,54,551.4933333333333,0.383,0.254,0.607,121,58,28,16,4,135,75,399.2,384,123,1641794,F
Domantas Sabonis,SAC,70,2428.8766666666666,0.59,0.417,0.754,972,423,202,48,26,1337,144,3157.9,13,94,1627734,F-C
Dominick Barlow,ATL,35,374.99833333333333,0.531,0.259,0.636,85,19,5,9,16,148,-2,348.5,395,246,1631230,F
Donovan Clingan,POR,67,1323.6433333333334,0.539,0.286,0.596,527,77,72,34,110,436,-2,1543.9,145,246,1642270,C
Donovan Mitchell,CLE,71,2232.0333333333333,0.443,0.368,0.823,322,354,149,95,17,1701,522,2805.4,25,8,1628378,G
Donte DiVincenzo,MIN,62,1605.7333333333333,0.422,0.397,0.778,228,225,99,73,17,723,174,1505.1,151,80,1628978,G
Dorian Finney-Smith,LAL,63,1818.6783333333333,0.448,0.411,0.667,247,90,56,58,23,549,309,1167.4,217,38,1627827,F
Doug McDermott,SAC,42,341.65166666666664,0.427,0.436,0.6,22,7,6,4,2,147,27,195.9,448,175,203926,F
Draymond Green,GSW,68,1983.3066666666666,0.424,0.325,0.687,414,383,174,99,70,613,275,2017.3,79,48,203110,F
Drew Eubanks,LAC,61,746.01,0.593,0.5,0.662,226,54,41,12,39,280,-126,744.2,298,473,1629234,F-C
Drew Peterson,BOS,25,186.14666666666668,0.415,0.394,0.778,40,13,8,5,2,54,46,134.5,467,143,1641809,F
Drew Timme,BKN,9,253.87833333333333,0.441,0.257,0.625,65,20,15,4,1,109,-66,217.0,441,404,1631166,F
Dru Smith,MIA,14,268.205,0.508,0.533,0.75,36,23,17,21,6,87,38,228.7,438,161,1630696,G
Duncan Robinson,MIA,74,1785.595,0.437,0.393,0.887,167,176,86,40,6,817,66,1333.4,182,127,1629130,F
Duop Reath,POR,46,469.4266666666667,0.422,0.321,0.909,92,26,16,12,14,194,-55,405.4,381,384,1641871,C
Dwight Powell,DAL,55,550.86,0.689,0.4,0.651,118,55,18,18,21,114,-14,437.1,372,289,203939,F-C
Dyson Daniels,ATL,76,2571.17,0.493,0.34,0.593,449,333,155,229,55,1073,-65,2808.3,24,401,1630700,G
E.J. Liddell,CHI,12,52.85666666666667,0.533,0.3,1.0,9,3,2,1,1,21,-8,40.3,523,269,1630604,F
Elfrid Payton,NOP,24,510.805,0.328,0.167,0.571,79,166,59,24,11,85,-149,474.8,352,493,203901,G
Elijah Harkless,UTA,10,138.0,0.314,0.28,0.5,21,8,3,10,1,32,31,99.2,480,168,1641989,G
Emanuel Miller,CHI,6,24.733333333333334,0.5,0.0,1.0,8,2,0,1,0,10,-8,25.6,532,269,1641801,F
Emoni Bates,CLE,10,74.78333333333333,0.342,0.367,0.0,7,8,2,1,1,37,-34,61.4,507,354,1641734,F
Enrique Freeman,IND,22,181.205,0.432,0.1,0.684,30,9,6,3,3,46,-19,107.5,477,309,1642402,F
Eric Gordon,PHI,39,768.4916666666667,0.426,0.409,0.75,46,65,28,26,12,266,-72,504.7,342,420,201569,G
Evan Mobley,CLE,71,2166.555,0.557,0.37,0.725,659,226,145,61,113,1316,546,2822.8,23,5,1630596,C
Franz Wagner,ORL,60,2023.3066666666666,0.463,0.295,0.871,342,284,138,75,21,1449,247,2435.4,49,60,1630532,F
Fred VanVleet,HOU,60,2111.298333333333,0.378,0.345,0.81,221,333,87,94,25,844,264,1878.7,96,53,1627832,G
GG Jackson,MEM,29,458.615,0.372,0.337,0.725,92,29,31,12,5,209,-68,382.9,386,410,1641713,F
Gabe Vincent,LAL,72,1527.265,0.4,0.353,0.714,92,98,41,51,13,460,48,868.4,277,141,1629216,G
Garrett Temple,TOR,28,226.76833333333335,0.3,0.214,0.917,29,31,10,17,2,53,-28,181.3,450,338,202066,G-F
Garrison Mathews,ATL,47,829.5083333333333,0.397,0.39,0.821,87,60,31,26,15,353,-60,639.4,319,393,1629726,G
Gary Harris,ORL,48,710.71,0.383,0.356,0.583,64,30,17,26,12,145,86,363.8,391,120,203914,G
Gary Payton II,GSW,62,927.1766666666666,0.574,0.326,0.711,185,83,39,52,17,400,45,914.5,266,145,1627780,G
Gary Trent Jr.,MIL,74,1893.395,0.431,0.416,0.848,168,87,42,72,4,824,70,1342.1,178,124,1629018,G
Georges Niang,ATL,79,1697.2333333333333,0.461,0.406,0.793,272,111,82,28,14,784,194,1320.9,184,74,1627777,F
Giannis Antetokounmpo,MIL,67,2288.63,0.601,0.222,0.617,798,433,206,58,78,2036,334,3845.1,3,28,203507,F
Goga Bitadze,ORL,70,1429.4616666666666,0.611,0.107,0.639,463,137,72,49,98,502,80,1632.1,124,122,1629048,C-F
Gradey Dick,TOR,54,1587.3733333333332,0.41,0.35,0.858,193,98,83,48,10,777,-210,1246.6,201,516,1641711,G-F
Grant Williams,CHA,16,479.025,0.439,0.365,0.838,82,37,28,18,13,166,10,384.9,385,202,1629684,F
Grayson Allen,PHX,64,1543.705,0.448,0.426,0.816,194,137,75,54,19,680,-79,1262.3,198,429,1628960,G
Guerschon Yabusele,PHI,70,1894.7366666666667,0.501,0.38,0.725,395,148,87,58,24,768,-118,1623.0,125,463,1627824,F
Gui Santos,GSW,56,761.5233333333333,0.458,0.33,0.69,172,80,42,25,10,227,165,616.4,321,86,1630611,F
Harrison Barnes,SAS,82,2230.0633333333335,0.508,0.433,0.809,310,136,50,39,14,1011,-25,1696.0,112,329,203084,F
Harrison Ingram,SAS,5,34.75,0.5,0.0,0.0,9,3,1,3,0,4,30,27.3,530,169,1631127,F
Haywood Highsmith,MIA,74,1818.3266666666666,0.458,0.382,0.721,252,112,54,68,37,478,61,1209.4,210,131,1629312,F
Herbert Jones,NOP,20,648.1316666666667,0.436,0.306,0.825,78,65,35,37,9,205,-20,499.1,344,312,1630529,F
Hunter Tyson,DEN,51,399.935,0.375,0.311,0.75,78,20,14,10,6,134,-98,291.6,419,450,1641816,F
Immanuel Quickley,TOR,33,917.7533333333333,0.42,0.378,0.867,117,191,58,23,4,564,-39,1013.9,246,365,1630193,G
Isaac Jones,SAC,40,303.86333333333334,0.651,0.375,0.639,57,12,16,5,10,134,-64,249.4,432,399,1642403,F
Isaac Okoro,CLE,55,1053.2033333333334,0.464,0.371,0.717,130,68,23,32,16,337,253,716.0,307,57,1630171,F-G
Isaiah Collier,UTA,71,1839.1066666666666,0.422,0.249,0.682,235,446,208,66,16,615,-403,1604.0,130,560,1642268,G
Isaiah Crawford,SAC,15,45.666666666666664,0.455,0.2,0.5,8,1,1,1,2,13,23,32.1,527,186,1642384,F
Isaiah Hartenstein,OKC,57,1589.6416666666667,0.581,0.0,0.675,611,218,96,47,62,637,417,1928.2,90,16,1628392,C-F
Isaiah Jackson,IND,5,83.88,0.609,0.0,0.5,28,5,5,3,8,35,10,104.1,479,202,1630543,F
Isaiah Joe,OKC,74,1603.9766666666667,0.44,0.412,0.821,196,119,38,48,9,756,550,1302.7,190,3,1630198,G
Isaiah Mobley,PHI,1,17.366666666666667,0.286,0.333,0.5,4,5,0,1,1,6,-6,24.3,535,263,1630600,
Isaiah Stevens,MIA,3,5.55,0.0,0.0,0.0,2,0,0,1,0,0,4,5.4,560,223,1641815,G
Isaiah Stewart,DET,72,1433.8483333333334,0.559,0.321,0.759,399,123,68,28,101,435,9,1417.3,164,206,1630191,F-C
Isaiah Wong,CHA,20,265.50333333333333,0.39,0.394,0.735,32,28,18,11,0,120,-6,215.4,443,263,1631209,
Ivica Zubac,LAC,80,2624.1766666666667,0.628,0.0,0.661,1010,214,127,55,90,1340,514,3181.0,12,9,1627826,C
JD Davison,BOS,16,92.915,0.353,0.222,0.714,13,13,13,5,1,33,-28,73.1,497,338,1631120,G
JT Thor,WAS,20,249.31666666666666,0.424,0.286,0.682,48,6,9,8,9,71,-96,179.6,451,448,1630550,F
Ja Morant,MEM,50,1519.11,0.454,0.309,0.824,205,364,185,61,12,1159,226,1985.0,82,63,1629630,G
Ja'Kobe Walter,TOR,52,1103.235,0.405,0.349,0.795,160,81,50,43,10,449,-83,871.5,275,432,1642266,G
Jabari Smith Jr.,HOU,57,1715.5783333333334,0.438,0.354,0.825,399,60,61,25,41,698,250,1403.8,168,58,1631095,F
Jabari Walker,POR,60,749.165,0.515,0.389,0.69,211,37,34,33,6,313,15,704.7,308,194,1631133,F
Jack McVeigh,HOU,9,43.25,0.294,0.308,0.0,5,1,2,0,2,14,-10,25.5,533,276,1629098,G-F
Jackson Rowe,GSW,6,51.73166666666667,0.471,0.3,0.5,11,4,1,4,0,22,23,52.2,516,186,1642050,F
Jacob Toppin,ATL,17,75.15,0.409,0.5,0.0,15,6,3,2,0,23,-25,53.0,514,329,1631210,F
Jaden Hardy,DAL,57,907.4383333333334,0.435,0.386,0.698,89,81,82,28,5,496,-65,741.3,300,401,1630702,G
Jaden Ivey,DET,30,898.0333333333333,0.46,0.409,0.733,124,119,89,28,11,528,-62,883.3,272,396,1631093,G
Jaden McDaniels,MIN,82,2614.41,0.477,0.33,0.813,470,163,95,110,74,1000,172,2265.5,62,82,1630183,F
Jaden Springer,UTA,43,365.175,0.389,0.25,0.711,58,33,16,24,4,109,-32,296.1,412,351,1630531,G
Jae Crowder,SAC,9,102.76166666666667,0.318,0.267,0.833,20,6,4,3,0,23,-18,61.0,508,304,203109,F
Jae'Sean Tate,HOU,52,588.11,0.473,0.348,0.681,117,47,22,26,7,188,51,475.9,351,139,1630256,F
Jahlil Okafor,IND,1,3.3666666666666667,0.0,0.0,0.0,1,1,0,0,0,0,5,2.7,565,219,1626143,
Jahmir Young,CHI,6,29.666666666666668,0.8,0.5,1.0,3,6,1,0,0,11,-7,22.6,538,266,1642443,G
Jaime Jaquez Jr.,MIA,66,1368.38,0.461,0.311,0.754,290,166,98,61,14,570,-152,1294.0,193,495,1631170,G
Jake LaRavia,SAC,66,1349.28,0.475,0.423,0.678,259,158,86,62,23,458,126,1174.8,216,100,1631222,F
Jakob Poeltl,TOR,57,1685.7483333333332,0.627,0.333,0.674,547,158,111,66,71,824,-37,2017.4,78,358,1627751,C
Jalen Bridges,PHX,8,30.373333333333335,0.286,0.286,0.75,4,0,4,0,0,9,7,9.8,554,213,1641779,F
Jalen Brunson,NYK,65,2300.7083333333335,0.488,0.383,0.821,187,475,164,60,8,1690,146,2666.9,32,92,1628973,G
Jalen Duren,DET,78,2033.5483333333334,0.692,0.0,0.669,807,209,136,54,89,918,36,2492.9,44,163,1631105,C
Jalen Green,HOU,82,2697.11,0.423,0.354,0.813,377,282,203,71,27,1723,166,2689.4,29,84,1630224,G
Jalen Hood-Schifino,PHI,15,314.6766666666667,0.378,0.304,0.857,27,37,18,5,7,106,-96,211.9,445,448,1641720,G
Jalen Johnson,ATL,36,1284.1783333333333,0.5,0.312,0.746,359,181,106,56,36,680,55,1552.3,143,134,1630552,F
Jalen McDaniels,WAS,4,7.335,0.0,0.0,0.0,0,1,0,1,0,0,-1,4.5,562,239,1629667,
Jalen Pickett,DEN,49,666.19,0.428,0.396,0.75,71,107,24,19,5,200,52,493.7,346,138,1629618,G
Jalen Smith,CHI,64,962.3833333333333,0.466,0.324,0.809,357,65,37,17,44,524,-36,1195.9,212,356,1630188,F-C
Jalen Suggs,ORL,35,1002.4533333333334,0.41,0.314,0.882,141,129,102,51,33,567,3,1079.7,230,225,1630591,G
Jalen Williams,OKC,69,2236.673333333333,0.484,0.365,0.789,369,355,150,111,46,1490,456,2786.3,26,14,1631114,G-F
Jalen Wilson,BKN,79,2031.3866666666668,0.397,0.337,0.818,270,145,79,40,5,749,-262,1346.5,177,535,1630592,F
Jamal Cain,NOP,37,501.79833333333335,0.43,0.325,0.68,85,22,22,23,9,196,-132,405.0,382,481,1631288,F
Jamal Murray,DEN,67,2418.346666666667,0.474,0.393,0.886,261,403,138,91,33,1436,331,2587.7,38,30,1627750,G
Jamal Shead,TOR,75,1466.825,0.405,0.323,0.768,115,316,117,58,10,533,-234,1232.0,205,524,1642347,G
Jamaree Bouyea,MIL,5,61.7,0.5,0.2,0.667,5,10,8,4,2,17,2,48.0,518,226,1631123,G
James Harden,LAC,79,2789.036666666667,0.41,0.352,0.874,456,687,341,118,55,1802,344,3557.7,4,24,201935,G
James Johnson,IND,12,36.61666666666667,0.364,0.0,0.0,6,4,4,0,2,8,-9,23.2,537,272,201949,F
James Wiseman,IND,1,4.633333333333334,0.5,0.0,1.0,1,0,0,0,0,6,-4,7.2,555,255,1630164,
Jamison Battle,TOR,59,1041.6783333333333,0.429,0.405,0.889,158,53,27,17,10,419,-183,742.1,299,509,1642419,F
Jarace Walker,IND,75,1186.62,0.472,0.405,0.667,229,110,78,54,25,461,-146,1059.8,236,492,1641716,F
Jared Butler,PHI,60,1043.735,0.448,0.355,0.824,110,220,80,42,13,541,-131,1088.0,229,479,1630215,G
Jared McCain,PHI,23,591.7916666666666,0.46,0.383,0.875,56,60,37,15,0,352,-27,517.2,340,337,1642272,G
Jared Rhoden,TOR,14,226.16333333333333,0.483,0.308,0.88,42,16,9,10,2,118,64,219.4,440,128,1631197,G
Jaren Jackson Jr.,MEM,74,2206.951666666667,0.488,0.375,0.781,417,148,153,92,113,1641,331,2825.4,22,30,1628991,F-C
Jarred Vanderbilt,LAL,36,580.8583333333333,0.488,0.281,0.556,182,41,29,35,10,147,35,532.9,338,164,1629020,F
Jarrett Allen,CLE,82,2296.0533333333333,0.706,0.0,0.718,798,158,97,77,73,1103,514,2650.6,33,9,1628386,C
Javonte Green,CLE,68,1257.8333333333333,0.429,0.326,0.724,218,56,32,65,31,347,-212,948.6,262,517,1629750,G
Jaxson Hayes,LAL,56,1092.6833333333334,0.722,0.0,0.622,269,58,43,31,51,383,87,995.8,252,118,1629637,C-F
Jay Huff,MEM,64,748.0316666666666,0.515,0.405,0.786,129,38,34,16,56,439,25,832.8,282,180,1630643,C
Jaylen Brown,BOS,63,2157.9283333333333,0.463,0.324,0.764,368,286,162,73,19,1398,402,2382.6,54,18,1627759,G-F
Jaylen Clark,MIN,40,521.9933333333333,0.467,0.431,0.784,53,26,8,36,2,163,44,371.6,389,147,1641740,G
Jaylen Martin,WAS,16,238.62666666666667,0.419,0.304,0.9,44,17,12,9,0,78,-131,171.3,453,479,1641798,G
Jaylen Nowell,NOP,8,168.075,0.356,0.296,0.636,20,18,8,1,4,67,-42,125.0,472,369,1629669,
Jaylen Sims,CHA,6,111.80833333333334,0.429,0.4,0.8,6,12,8,3,1,42,-47,71.2,499,373,1631301,
Jaylen Wells,MEM,79,2043.4816666666666,0.425,0.352,0.822,268,135,69,44,8,823,186,1434.1,161,76,1642377,F
Jaylin Williams,OKC,47,784.055,0.439,0.399,0.767,262,120,35,22,29,278,302,890.4,271,39,1631119,F
Jaylon Tyson,CLE,47,452.96,0.43,0.345,0.792,96,44,26,13,3,167,-2,370.2,390,246,1642281,G-F
Jayson Tatum,BOS,72,2623.8166666666666,0.452,0.343,0.814,623,431,209,76,38,1932,534,3459.1,5,7,1628369,F-G
Jazian Gortman,DAL,16,56.61666666666667,0.391,0.364,0.5,5,6,5,2,1,24,11,43.0,521,199,1641789,
Jeff Dowtin Jr.,PHI,41,620.77,0.487,0.4,0.733,60,78,15,24,12,285,-103,567.0,329,454,1630288,G
Jeff Green,HOU,32,396.44666666666666,0.504,0.367,0.808,58,20,9,6,4,172,-38,292.6,416,361,201145,F
Jerami Grant,POR,47,1523.5866666666666,0.373,0.365,0.849,163,101,65,41,46,677,-202,1220.1,207,513,203924,F
Jeremiah Robinson-Earl,NOP,66,1238.9,0.455,0.341,0.836,315,88,51,39,7,418,-331,1015.0,245,552,1630526,F
Jeremy Sochan,SAS,54,1363.9683333333332,0.535,0.308,0.696,352,128,84,45,27,617,-88,1363.4,174,441,1631110,F
Jericho Sims,MIL,53,631.245,0.634,0.0,0.615,197,33,33,10,19,98,25,437.9,371,180,1630579,C
Jesse Edwards,MIN,2,4.666666666666667,0.0,0.0,0.0,0,1,0,0,0,0,-10,1.5,568,276,1642399,C
Jett Howard,ORL,60,701.1066666666667,0.374,0.296,0.696,70,44,36,13,11,267,-86,453.0,365,437,1641724,G
Jevon Carter,CHI,36,320.5733333333333,0.377,0.333,0.8,39,40,11,13,3,153,37,296.8,411,162,1628975,G
Jimmy Butler III,GSW,55,1746.135,0.504,0.308,0.842,296,298,74,77,18,964,246,1977.2,83,61,202710,F
Jock Landale,HOU,42,500.0233333333333,0.533,0.423,0.675,137,37,21,13,10,200,-25,467.9,360,329,1629111,C
Joe Ingles,MIN,19,114.08666666666667,0.261,0.2,0.0,11,23,9,2,0,15,2,59.7,510,226,204060,F-G
Joel Embiid,PHI,19,574.3933333333333,0.444,0.299,0.882,155,85,62,14,18,452,-57,799.5,289,390,203954,C-F
John Collins,UTA,40,1220.4916666666666,0.527,0.399,0.848,327,80,103,39,40,758,-16,1404.4,167,295,1628381,F-C
John Konchar,MEM,46,558.2233333333334,0.451,0.371,0.875,151,42,16,30,14,112,58,472.2,355,132,1629723,G
Johnny Davis,WAS,34,241.65833333333333,0.41,0.241,0.6,38,11,7,15,6,80,-26,198.1,447,334,1631098,
Johnny Furphy,IND,50,379.49666666666667,0.38,0.3,0.818,71,19,12,18,11,103,22,291.7,418,189,1642277,G
Johnny Juzang,UTA,64,1269.83,0.429,0.376,0.849,184,68,36,39,8,571,-357,998.8,250,554,1630548,G
Jonas Valančiūnas,SAC,81,1523.7633333333333,0.55,0.216,0.879,627,164,120,37,46,843,-304,1970.4,86,547,202685,C
Jonathan Isaac,ORL,71,1090.015,0.414,0.258,0.682,314,40,33,61,80,380,-38,1206.8,211,361,1628371,F
Jonathan Kuminga,GSW,47,1144.08,0.454,0.305,0.668,217,104,71,38,21,719,8,1241.4,204,210,1630228,F
Jonathan Mogbo,TOR,63,1285.655,0.438,0.243,0.732,311,146,70,55,34,389,-241,1178.2,215,528,1642367,F
Jordan Clarkson,UTA,37,962.47,0.408,0.362,0.797,118,138,86,31,9,600,-204,982.6,257,514,203903,G
Jordan Goodwin,LAL,29,542.575,0.438,0.382,0.818,112,42,26,30,11,161,-11,455.4,364,280,1630692,G
Jordan Hawkins,NOP,56,1320.5,0.372,0.331,0.816,158,66,58,30,23,604,-317,993.6,253,548,1641722,G
Jordan McLaughlin,SAS,46,314.27666666666664,0.431,0.413,0.773,30,51,16,16,1,98,57,245.5,434,133,1629162,G
Jordan Miller,LAC,37,420.31,0.433,0.211,0.8,58,34,26,17,5,152,-63,312.6,407,397,1641757,G
Jordan Poole,WAS,68,2000.8866666666668,0.432,0.378,0.883,203,303,204,86,27,1391,-558,2224.1,66,567,1629673,G
Jordan Walsh,BOS,52,403.00333333333333,0.361,0.273,0.583,69,19,17,12,11,82,25,245.3,435,180,1641775,G
Jose Alvarado,NOP,56,1365.9,0.392,0.359,0.811,136,259,86,74,14,579,-232,1308.7,188,523,1630631,G
Josh Christopher,MIA,14,69.35,0.355,0.182,0.667,9,8,6,5,3,28,-5,68.8,501,258,1630528,G
Josh Giddey,CHI,70,2116.641666666667,0.465,0.378,0.781,566,503,202,84,45,1022,-68,2640.7,34,410,1630581,G
Josh Green,CHA,68,1887.5033333333333,0.428,0.391,0.681,172,108,70,74,15,506,-364,1071.4,234,556,1630182,G
Josh Hart,NYK,77,2896.83,0.525,0.333,0.776,737,453,158,119,27,1051,203,2894.9,18,70,1628404,G
Josh Minott,MIN,46,276.275,0.489,0.326,0.895,47,18,11,15,12,119,-16,272.4,427,295,1631169,F
Josh Okogie,CHA,40,624.9783333333334,0.443,0.348,0.741,113,33,31,48,18,283,-13,635.1,320,286,1629006,G
Josh Richardson,MIA,8,149.49,0.289,0.273,1.0,12,12,8,8,1,32,-31,83.4,490,347,1626196,
Jrue Holiday,BOS,62,1896.0683333333334,0.443,0.353,0.909,265,239,77,66,27,686,339,1564.5,139,27,201950,G
Julian Champagnie,SAS,82,1932.1283333333333,0.415,0.371,0.904,318,111,74,61,35,815,-67,1577.1,136,409,1630577,F
Julian Phillips,CHI,79,1122.905,0.446,0.327,0.789,169,39,27,38,20,366,30,774.3,292,169,1641763,F
Julian Strawther,DEN,65,1383.47,0.432,0.349,0.822,142,83,57,39,16,588,-71,990.9,254,417,1631124,G
Julius Randle,MIN,69,2225.5266666666666,0.485,0.344,0.806,487,323,196,47,16,1288,166,2349.9,57,84,203944,F-C
Justin Champagnie,WAS,62,1340.5333333333333,0.511,0.383,0.685,351,60,54,65,39,544,-288,1313.2,186,545,1630551,G-F
Justin Edwards,PHI,44,1154.72,0.455,0.363,0.696,148,69,49,45,16,445,-280,860.1,280,542,1642348,F
Justin Minaya,POR,19,100.67333333333333,0.381,0.2,0.0,10,7,5,6,1,18,-12,56.5,512,283,1631303,F
Jusuf Nurkić,CHA,51,1062.8266666666666,0.477,0.305,0.664,398,115,97,40,34,453,-184,1228.1,206,510,203994,C
KJ Martin,UTA,43,911.4983333333333,0.552,0.259,0.787,125,48,24,17,22,274,-142,589.0,324,489,1630231,F
KJ Simpson,CHA,36,842.0833333333334,0.346,0.254,0.82,109,112,56,34,6,282,-278,644.8,317,540,1642354,G
Kai Jones,DAL,40,468.37,0.798,0.2,0.719,125,25,18,15,23,198,-21,481.5,350,314,1630539,C-F
Karl-Anthony Towns,NYK,72,2516.72,0.526,0.42,0.829,920,222,192,71,50,1759,378,3367.0,8,21,1626157,C-F
Karlo Matković,NOP,42,790.585,0.574,0.318,0.773,209,46,43,22,41,325,-89,790.8,290,442,1631255,F-C
Kawhi Leonard,LAC,37,1179.9566666666667,0.498,0.411,0.81,219,116,72,59,17,796,296,1388.8,169,44,202695,F
Keaton Wallace,ATL,31,501.1666666666667,0.401,0.329,1.0,50,81,33,28,9,168,-19,427.5,376,309,1630811,G
Keegan Murray,SAC,76,2610.173333333333,0.444,0.343,0.833,507,109,60,61,69,942,46,2043.9,76,143,1631099,F
Keion Brooks Jr.,NOP,14,331.7816666666667,0.486,0.326,0.733,58,13,12,10,10,142,-145,279.1,423,491,1631232,F
Kel'el Ware,MIA,64,1422.4866666666667,0.554,0.315,0.687,473,60,57,39,71,595,39,1525.6,148,159,1642276,C
Keldon Johnson,SAS,77,1837.9966666666667,0.482,0.318,0.773,371,125,77,49,22,979,-217,1747.7,110,519,1629640,F-G
Kelly Olynyk,NOP,44,890.9983333333333,0.5,0.418,0.769,206,128,76,33,19,384,-58,903.2,267,391,203482,F-C
Kelly Oubre Jr.,PHI,60,2078.19,0.47,0.293,0.751,368,108,80,92,30,906,-258,1795.6,105,530,1626162,F-G
Kenrich Williams,OKC,69,1131.5383333333334,0.483,0.386,0.718,241,97,39,43,10,436,329,990.7,255,32,1629026,G-F
Kentavious Caldwell-Pope,MEM,77,2279.036666666667,0.439,0.342,0.863,169,136,62,99,34,673,11,1416.8,165,199,203484,G
Keon Ellis,SAC,80,1948.1916666666666,0.489,0.433,0.849,212,120,71,121,63,666,64,1581.4,133,128,1631165,G
Keon Johnson,BKN,79,1925.2016666666666,0.389,0.314,0.77,297,175,116,82,30,839,-423,1677.9,114,562,1630553,G
Keshad Johnson,MIA,16,98.125,0.692,0.429,0.444,28,4,4,5,4,43,5,105.6,478,219,1642352,F
Kessler Edwards,DAL,40,608.46,0.496,0.407,0.923,115,42,16,19,20,168,-158,470.0,358,500,1630556,F
Kevin Durant,PHX,62,2264.685,0.527,0.43,0.839,374,263,190,50,77,1647,-38,2681.3,30,361,201142,F
Kevin Huerter,CHI,69,1678.9933333333333,0.425,0.338,0.714,205,156,67,66,23,681,104,1361.0,175,109,1628989,G-F
Kevin Knox II,GSW,14,83.65666666666667,0.5,0.267,0.75,17,5,4,2,4,46,-3,87.9,485,252,1628995,F
Kevin Love,MIA,23,251.45333333333335,0.357,0.358,0.696,94,22,14,15,4,122,-25,310.8,408,329,201567,F-C
Kevin McCullar Jr.,NYK,4,29.166666666666668,0.286,0.0,1.0,8,2,0,1,1,6,-2,24.6,534,246,1641755,G
Kevin Porter Jr.,MIL,75,1482.02,0.449,0.311,0.769,278,256,136,81,13,771,27,1634.6,122,175,1629645,G-F
Kevon Looney,GSW,76,1142.155,0.514,0.4,0.566,462,118,39,46,37,344,117,1285.4,197,104,1626172,F
Keyonte George,UTA,67,2108.475,0.391,0.343,0.818,253,377,183,46,9,1125,-512,1976.1,85,564,1641718,G
Khris Middleton,WAS,37,843.1816666666666,0.475,0.361,0.857,137,150,56,35,8,440,39,902.4,268,159,203114,F
Killian Hayes,BKN,6,162.33333333333334,0.419,0.381,0.833,18,31,9,4,4,54,-24,137.1,466,325,1630165,
Klay Thompson,DAL,72,1964.5683333333334,0.412,0.391,0.905,246,145,88,50,30,1005,-79,1669.7,115,429,202691,G
Kobe Brown,LAC,40,272.22,0.458,0.231,0.714,65,24,12,7,4,77,-53,212.0,444,382,1641738,F
Kobe Bufkin,ATL,10,123.63666666666667,0.383,0.211,0.722,21,17,8,3,2,53,-23,110.7,475,323,1641723,G
Kris Dunn,LAC,74,1782.9183333333333,0.439,0.335,0.682,251,210,74,128,27,474,262,1481.2,155,54,1627739,G
Kris Murray,POR,69,1040.3866666666668,0.419,0.225,0.456,182,68,43,35,17,287,-50,720.4,305,380,1631200,F
Kristaps Porziņģis,BOS,42,1209.9633333333334,0.483,0.412,0.809,284,87,53,31,63,818,173,1518.3,149,81,204001,F-C
Kyle Anderson,MIA,61,1002.0933333333334,0.469,0.357,0.738,206,145,37,40,33,357,-22,1003.7,248,317,203937,F-G
Kyle Filipowski,UTA,72,1521.54,0.502,0.35,0.65,440,140,102,48,22,690,-366,1536.0,147,557,1642271,C
Kyle Kuzma,MIL,65,1936.415,0.436,0.307,0.634,370,152,146,36,19,964,-419,1655.0,116,561,1628398,F
Kyle Lowry,PHI,35,659.4483333333334,0.35,0.33,0.818,67,96,21,33,11,138,-71,473.4,354,417,200768,G
Kylor Kelley,NOP,11,125.95666666666666,0.636,0.0,0.6,39,5,4,1,3,34,-75,96.3,483,424,1630283,
Kyrie Irving,DAL,50,1803.7966666666666,0.473,0.401,0.916,240,231,111,66,23,1234,124,2024.5,77,101,202681,G
Kyshawn George,WAS,68,1802.1833333333334,0.372,0.322,0.753,285,169,97,68,50,590,-361,1442.5,160,555,1642273,F
LaMelo Ball,CHA,47,1504.475,0.405,0.339,0.843,232,346,167,54,13,1184,-130,2015.4,80,477,1630163,G
Lamar Stevens,MEM,17,155.535,0.46,0.296,0.727,38,8,10,5,3,74,67,145.6,463,125,1630205,F
Landry Shamet,NYK,50,761.6,0.461,0.397,0.667,61,27,22,23,2,286,88,452.7,366,115,1629013,G
Larry Nance Jr.,ATL,24,463.2266666666667,0.516,0.447,0.692,103,38,16,20,13,203,-95,466.6,361,446,1626204,F-C
Lauri Markkanen,UTA,47,1475.8433333333332,0.423,0.346,0.876,278,70,66,33,17,892,-186,1414.6,166,511,1628374,F-C
LeBron James,LAL,70,2444.4466666666667,0.513,0.376,0.782,546,575,260,70,39,1710,-54,3294.7,10,383,2544,F
Leonard Miller,MIN,13,31.595,0.4,0.0,1.0,11,0,2,2,1,20,-12,40.2,524,283,1631159,F
Lester Quinones,NOP,13,183.36666666666667,0.397,0.295,0.846,19,24,14,3,2,86,-26,145.8,462,334,1631311,G
Liam Robbins,MIL,13,56.96666666666667,0.25,0.0,0.5,12,2,6,2,2,9,-5,32.4,526,258,1641857,
Lindy Waters III,DET,52,778.41,0.369,0.344,0.727,110,52,20,27,11,256,13,560.0,331,195,1630322,F
Lonnie Walker IV,PHI,20,476.7033333333333,0.42,0.354,0.8,63,50,25,10,5,247,-142,417.6,378,489,1629022,G-F
Lonzo Ball,CHI,35,777.03,0.366,0.344,0.815,118,115,41,47,17,267,100,732.1,303,111,1628366,G
Luguentz Dort,OKC,71,2073.3,0.435,0.412,0.717,293,115,51,79,39,719,547,1546.1,144,4,1629652,G
Luka Dončić,LAL,50,1768.55,0.45,0.368,0.782,409,383,179,89,21,1408,344,2624.3,37,24,1629029,F-G
Luka Garza,MIN,39,219.31,0.495,0.278,0.686,54,11,12,6,3,138,1,234.3,437,230,1630568,C
Luke Kennard,MEM,65,1471.6916666666666,0.478,0.433,0.895,183,215,72,50,5,576,122,1211.1,208,102,1628379,G
Luke Kornet,BOS,73,1361.06,0.668,0.0,0.691,388,117,31,36,71,441,401,1372.1,173,19,1628436,C-F
Luke Travers,CLE,12,87.86,0.25,0.0,1.0,20,8,8,1,1,12,-1,46.0,519,239,1631247,F
Mac McClung,ORL,2,10.233333333333333,0.0,0.0,0.0,1,3,0,0,0,0,-2,5.7,559,246,1630644,G
Malachi Flynn,CHA,4,43.68,0.385,0.25,0.833,7,7,4,3,0,16,1,39.9,525,230,1630201,
Malaki Branham,SAS,47,426.555,0.458,0.405,0.818,51,38,34,11,2,235,-33,358.2,392,352,1631103,F
Malcolm Brogdon,WAS,24,564.0766666666667,0.433,0.286,0.88,91,98,38,13,5,305,-121,577.2,327,465,1627763,G
Malevy Leons,OKC,6,20.966666666666665,0.0,0.0,0.5,3,1,1,0,0,2,-18,6.1,558,304,1642502,
Malik Beasley,DET,82,2282.9466666666667,0.43,0.416,0.679,214,139,83,73,5,1336,175,1952.3,89,78,1627736,G
Malik Monk,SAC,65,2054.11,0.439,0.325,0.865,245,362,159,61,38,1117,116,2092.0,72,105,1628370,G
MarJon Beauchamp,NYK,35,156.28166666666667,0.415,0.345,0.75,44,11,15,4,1,79,9,148.3,460,206,1630699,F
Marcus Bagley,PHI,10,253.155,0.391,0.156,0.8,70,10,7,9,12,67,-84,222.0,439,435,1630542,
Marcus Garrett,CHA,4,79.38333333333334,0.407,0.375,0.75,6,13,6,3,2,28,-39,63.7,506,365,1630585,
Marcus Sasser,DET,57,810.7866666666666,0.463,0.382,0.843,69,133,54,37,4,375,41,726.3,304,155,1631204,G
Marcus Smart,WAS,34,680.34,0.393,0.348,0.761,72,109,54,39,9,305,42,644.9,316,154,203935,G
Mark Williams,CHA,44,1171.045,0.604,0.0,0.804,447,109,71,32,54,671,-301,1557.9,142,546,1631109,C
Markelle Fultz,SAC,21,184.05833333333334,0.418,0.5,1.0,20,27,15,10,2,61,5,146.5,461,219,1628365,G
Markieff Morris,LAL,15,164.43333333333334,0.3,0.25,0.833,23,21,5,2,3,56,-28,125.1,471,338,202693,F
Marvin Bagley III,MEM,31,265.2266666666667,0.519,0.158,0.657,84,11,12,9,8,136,-10,292.3,417,276,1628963,F
Mason Jones,SAC,10,45.391666666666666,0.5,0.125,0.8,9,11,1,0,1,23,1,52.3,515,230,1630222,G
Mason Plumlee,PHX,74,1300.045,0.619,0.0,0.648,455,134,59,33,47,333,54,1261.0,199,135,203486,F-C
Matas Buzelis,CHI,80,1511.295,0.454,0.361,0.815,278,79,74,29,75,688,-35,1378.1,171,355,1641824,F
Matisse Thybulle,POR,15,312.2816666666667,0.477,0.438,0.467,52,28,13,33,9,112,1,329.4,402,230,1629680,G-F
Matt Ryan,NYK,19,67.82166666666667,0.323,0.316,1.0,8,3,3,2,0,28,-40,45.1,520,367,1630346,
Max Christie,DAL,78,2127.141666666667,0.427,0.366,0.855,258,146,88,64,31,749,-83,1474.6,156,432,1631108,G
Max Strus,CLE,50,1272.725,0.442,0.386,0.824,217,158,54,26,12,471,221,1028.4,241,65,1629622,G-F
Maxi Kleber,LAL,34,636.875,0.385,0.265,0.762,95,43,23,9,17,103,-17,336.5,400,299,1628467,F
Maxwell Lewis,BKN,28,327.68833333333333,0.417,0.38,0.7,55,19,14,9,7,116,-68,244.5,436,410,1641721,F
Micah Potter,UTA,38,705.165,0.422,0.316,0.85,164,31,31,14,14,162,-104,458.3,363,455,1630695,C
Michael Porter Jr.,DEN,77,2593.2633333333333,0.504,0.395,0.768,540,165,104,50,38,1398,265,2453.5,47,51,1629008,F
Mikal Bridges,NYK,82,3036.076666666667,0.5,0.354,0.814,259,306,132,75,43,1444,334,2435.8,48,28,1628969,G-F
Mike Conley,MIN,71,1755.85,0.4,0.41,0.9,182,319,75,79,14,582,265,1482.9,154,51,201144,G
Miles Bridges,CHA,64,2028.735,0.431,0.313,0.87,481,248,136,44,45,1300,-259,2380.2,55,532,1628970,F
Miles McBride,NYK,64,1593.455,0.406,0.369,0.813,161,187,41,67,17,611,211,1295.7,192,66,1630540,G
Miles Norris,BOS,3,34.916666666666664,0.222,0.286,0.5,9,0,0,2,1,7,-14,26.8,531,289,1641936,F
Mitchell Robinson,NYK,17,290.12333333333333,0.661,0.0,0.684,101,13,10,16,18,87,23,319.7,404,186,1629011,C-F
Mo Bamba,NOP,32,413.485,0.464,0.278,0.704,145,18,20,9,31,138,-75,439.0,369,424,1628964,
Monté Morris,PHX,45,570.77,0.426,0.36,0.857,67,73,21,20,3,233,47,470.9,356,142,1628420,G
Moritz Wagner,ORL,30,564.1566666666666,0.562,0.36,0.718,148,42,49,24,12,386,-17,685.6,309,299,1629021,F-C
Moses Brown,DAL,13,118.57666666666667,0.694,0.0,0.727,44,2,11,6,4,76,-14,150.8,458,289,1629650,
Moses Moody,GSW,74,1649.15,0.433,0.374,0.797,189,96,54,59,31,724,132,1310.8,187,98,1630541,G
Mouhamed Gueye,ATL,33,532.7566666666667,0.421,0.259,0.762,139,27,15,28,33,197,87,572.3,328,118,1631243,F
Moussa Diabaté,CHA,71,1240.6333333333334,0.596,0.0,0.595,438,56,61,46,40,403,-123,1209.6,209,468,1631217,F
Myles Turner,IND,72,2173.6366666666668,0.481,0.396,0.773,471,111,123,54,144,1120,202,2322.7,58,71,1626167,C-F
N'Faly Dante,HOU,4,50.61666666666667,0.769,0.0,0.8,21,2,2,1,5,24,-11,68.2,502,280,1642368,C
Nae'Qwan Tomlin,CLE,5,63.4,0.406,0.2,0.727,21,2,2,0,1,36,7,65.2,505,213,1641772,F
Naji Marshall,DAL,69,1919.0833333333333,0.508,0.275,0.813,328,208,112,70,11,914,-137,1750.6,109,483,1630230,F
Nate Williams,HOU,20,146.62,0.435,0.231,0.625,13,9,14,8,4,65,-24,116.1,473,325,1631466,G
Naz Reid,MIN,80,2200.116666666667,0.462,0.379,0.776,480,181,108,58,72,1138,340,2267.5,61,26,1629675,C-F
Neemias Queta,BOS,62,863.09,0.65,0.0,0.754,236,45,40,18,42,310,155,800.7,288,89,1629674,C
Nic Claxton,BKN,70,1881.7316666666666,0.563,0.238,0.513,515,157,87,62,100,724,-497,1976.5,84,563,1629651,C
Nick Richards,PHX,57,1256.2233333333334,0.591,0.0,0.744,466,49,81,14,55,529,-235,1287.7,196,526,1630208,C
Nick Smith Jr.,CHA,60,1368.7466666666667,0.391,0.34,0.935,128,145,82,17,6,591,-398,949.1,261,559,1641733,G
Nickeil Alexander-Walker,MIN,82,2073.1016666666665,0.438,0.381,0.78,265,223,99,50,34,773,270,1578.5,135,49,1629638,G
Nicolas Batum,LAC,78,1367.3733333333332,0.437,0.433,0.81,218,84,34,52,36,313,152,930.6,265,90,201587,G-F
Nikola Jokić,DEN,70,2570.765,0.576,0.417,0.8,892,716,230,127,45,2071,594,4501.4,1,2,203999,C
Nikola Jović,MIA,46,1155.6766666666667,0.456,0.371,0.828,180,131,60,38,13,494,-20,999.5,249,312,1631107,F
Nikola Vučević,CHI,73,2278.25,0.53,0.402,0.805,735,256,119,61,52,1349,-98,2835.0,21,450,202696,C
Noah Clowney,BKN,46,1042.2866666666666,0.358,0.333,0.838,181,40,46,24,21,420,-261,786.2,291,533,1641730,F-C
Norman Powell,LAC,60,1957.9883333333332,0.484,0.418,0.804,190,125,108,73,9,1306,352,1859.5,99,23,1626181,G
OG Anunoby,NYK,74,2705.7766666666666,0.476,0.372,0.81,358,164,102,110,65,1332,301,2430.6,50,41,1628384,F-G
Obi Toppin,IND,79,1544.815,0.529,0.365,0.781,318,128,68,46,28,833,-77,1560.6,140,427,1630167,F
Ochai Agbaji,TOR,64,1738.67,0.498,0.399,0.708,242,98,54,58,30,667,-214,1314.4,185,518,1630534,G
Olivier-Maxence Prosper,DAL,52,584.07,0.402,0.235,0.645,126,40,14,26,6,201,-104,494.2,345,455,1641765,F
Onyeka Okongwu,ATL,74,2063.9266666666667,0.567,0.324,0.759,660,168,90,69,68,988,40,2353.0,56,157,1630168,F-C
Orlando Robinson,TOR,44,769.8016666666666,0.444,0.327,0.771,220,77,49,17,16,303,-87,732.5,302,440,1631115,
Oscar Tshiebwe,UTA,14,255.17333333333335,0.6,0.0,0.742,122,9,10,13,1,107,-11,298.9,410,280,1631131,F-C
Oshae Brissett,PHI,6,142.24166666666667,0.487,0.333,0.571,22,4,8,4,3,52,-31,97.4,482,347,1629052,
Oso Ighodaro,PHX,61,1045.545,0.604,0.0,0.58,222,71,39,28,29,255,-21,759.9,294,314,1642345,F
Ousmane Dieng,OKC,37,404.84166666666664,0.432,0.324,0.688,81,31,18,17,7,142,45,339.7,398,145,1631172,F
P.J. Tucker,NYK,3,57.86833333333333,0.429,0.5,0.0,8,0,1,1,1,9,-22,23.6,536,317,200782,F
P.J. Washington,DAL,57,1834.8583333333333,0.453,0.381,0.722,442,131,118,63,60,836,49,1813.9,103,140,1629023,F
PJ Dozier,MIN,9,34.916666666666664,0.667,0.667,0.167,5,5,1,1,0,7,-4,22.5,539,255,1628408,
PJ Hall,DEN,19,66.18333333333334,0.583,0.25,0.75,22,4,2,0,4,33,-2,75.4,496,246,1641790,C
Pacôme Dadiet,NYK,18,111.17833333333333,0.323,0.316,0.667,18,5,4,3,2,30,-16,70.1,500,295,1642359,F
Paolo Banchero,ORL,46,1581.53,0.452,0.32,0.727,345,219,136,36,28,1191,-21,1989.5,81,314,1631094,F
Pascal Siakam,IND,78,2547.8533333333335,0.519,0.389,0.734,540,263,109,70,42,1578,312,2847.5,20,37,1627783,F
Pat Connaughton,MIL,41,602.8266666666667,0.469,0.321,0.774,109,70,24,9,11,216,-13,487.8,347,286,1626192,G
Pat Spencer,GSW,39,249.61166666666668,0.406,0.227,0.733,46,48,18,14,3,98,-17,258.2,430,299,1630311,G
Patrick Baldwin Jr.,LAC,24,106.74833333333333,0.543,0.565,0.5,25,3,5,3,2,53,29,97.5,481,171,1631116,F
Patrick Williams,CHI,63,1576.3266666666666,0.397,0.353,0.723,237,124,86,48,32,566,-182,1190.4,213,508,1630172,F
Patty Mills,LAC,29,320.655,0.375,0.347,0.929,22,26,17,13,3,111,-15,207.4,446,293,201988,G
Paul George,PHI,41,1333.5933333333332,0.43,0.358,0.814,219,178,106,75,20,665,-83,1373.8,172,432,202331,F
Paul Reed,DET,45,437.5366666666667,0.507,0.286,0.762,123,44,26,39,25,184,43,563.6,330,151,1630194,F
Payton Pritchard,BOS,80,2270.875,0.472,0.407,0.845,307,279,83,70,14,1144,430,2099.9,71,15,1630202,G
Pelle Larsson,MIA,55,781.9466666666667,0.438,0.337,0.672,92,65,24,32,7,251,10,551.9,334,202,1641796,G
Pete Nance,MIL,13,138.16666666666666,0.438,0.375,0.5,21,10,4,2,2,38,-14,86.2,488,289,1631250,F
Peyton Watson,DEN,68,1655.7283333333332,0.477,0.353,0.693,233,94,56,48,93,551,-26,1338.6,179,334,1631212,G
Phillip Wheeler,PHI,5,44.39666666666667,0.143,0.0,1.0,8,2,1,1,2,8,13,28.6,529,195,1630762,
Precious Achiuwa,NYK,57,1169.6133333333332,0.502,0.278,0.594,317,55,45,47,42,379,-48,1063.9,235,375,1630173,F
Quentin Grimes,PHI,75,2013.09,0.467,0.385,0.757,324,228,141,74,22,1092,-261,1969.8,87,533,1629656,G
Quenton Jackson,IND,28,381.03833333333336,0.475,0.375,0.775,44,53,16,21,5,162,-1,356.3,393,239,1631245,G
Quincy Olivari,LAL,2,10.3,0.2,0.2,0.0,0,1,1,0,0,3,-18,3.5,564,304,1642439,
Quinten Post,GSW,42,685.7566666666667,0.449,0.408,0.778,148,56,33,16,18,340,43,670.6,313,151,1642366,C
RJ Barrett,TOR,58,1868.8033333333333,0.468,0.35,0.63,366,314,165,46,17,1223,-139,2157.2,67,485,1629628,F-G
RayJ Dennis,IND,11,70.38333333333334,0.333,0.286,1.0,12,14,5,7,2,30,44,87.4,487,147,1642484,G
Rayan Rupert,POR,52,459.5416666666667,0.408,0.271,0.767,70,25,30,16,4,155,-86,306.5,409,437,1641712,G-F
Reece Beekman,BKN,36,469.30333333333334,0.327,0.175,0.762,39,63,21,33,2,93,-117,318.3,405,462,1641736,G
Reed Sheppard,HOU,52,654.3516666666667,0.351,0.338,0.813,78,75,37,35,17,229,-50,554.1,333,380,1642263,G
Reggie Jackson,PHI,31,383.9916666666667,0.391,0.338,0.778,42,45,17,16,3,136,-19,293.9,414,309,202704,
Richaun Holmes,WAS,31,534.135,0.647,0.0,0.833,177,42,21,9,23,230,-36,580.4,326,356,1626158,F
Ricky Council IV,PHI,73,1250.015,0.382,0.258,0.804,214,97,52,32,13,532,-159,1017.3,244,501,1641741,G
Riley Minix,SAS,1,6.75,0.0,0.0,0.0,2,0,0,0,0,0,0,2.4,567,236,1642434,F
Rob Dillingham,MIN,49,515.975,0.441,0.338,0.533,50,98,53,20,1,219,19,436.0,373,190,1642265,G
Robert Williams III,POR,20,351.33,0.641,0.333,0.882,118,21,17,13,33,116,-17,410.1,380,299,1629057,C-F
Ron Harper Jr.,DET,1,17.0,0.125,0.0,1.0,7,2,0,0,0,4,-1,15.4,547,239,1631199,G-F
Ronald Holland II,DET,81,1266.3216666666667,0.474,0.238,0.754,218,82,72,49,17,522,-55,1032.6,240,384,1641842,F
Royce O'Neale,PHX,75,1836.8733333333332,0.423,0.406,0.731,349,163,65,67,34,680,-155,1581.3,134,498,1626220,F
Rudy Gobert,MIN,72,2388.423333333333,0.669,0.0,0.674,785,127,89,56,104,866,327,2389.5,52,33,203497,C
Rui Hachimura,LAL,59,1868.825,0.509,0.413,0.77,295,83,49,45,26,775,158,1417.5,163,88,1629060,F
Russell Westbrook,DEN,75,2092.2916666666665,0.449,0.323,0.661,370,457,242,106,37,994,-24,2310.5,59,325,201566,G
Ryan Dunn,PHX,74,1410.4166666666667,0.43,0.311,0.487,267,57,40,44,40,511,-169,1128.9,219,503,1642346,F
Ryan Rollins,MIL,56,819.525,0.487,0.408,0.8,108,104,53,42,17,349,83,758.6,295,121,1631157,G
Sam Hauser,BOS,71,1541.1333333333334,0.451,0.416,1.0,224,64,23,41,13,605,325,1108.8,222,34,1630573,F
Sam Merrill,CLE,71,1401.2816666666668,0.406,0.372,0.966,157,108,35,53,14,509,321,1025.4,242,35,1630241,G
Sandro Mamukelashvili,SAS,61,681.2083333333334,0.502,0.373,0.741,187,48,26,21,17,385,-28,769.4,293,338,1630572,F-C
Santi Aldama,MEM,65,1659.6483333333333,0.483,0.368,0.691,416,188,71,52,29,811,149,1764.2,107,91,1630583,F-C
Scoot Henderson,POR,66,1759.0716666666667,0.419,0.354,0.767,198,335,177,68,13,837,-38,1643.1,117,361,1630703,G
Scottie Barnes,TOR,65,2134.13,0.446,0.271,0.755,502,378,185,93,63,1252,-130,2704.4,28,477,1630567,F-G
Scotty Pippen Jr.,MEM,79,1682.88,0.48,0.397,0.713,259,347,138,103,30,779,44,1871.3,97,147,1630590,G
Seth Curry,CHA,68,1061.9566666666667,0.478,0.456,0.846,113,60,32,27,7,444,-171,739.6,301,505,203552,G
Shaedon Sharpe,POR,72,2252.33,0.452,0.311,0.785,324,198,150,62,16,1335,-138,2104.8,70,484,1631101,G
Shai Gilgeous-Alexander,OKC,76,2597.63,0.519,0.375,0.898,379,486,183,131,77,2484,918,4108.8,2,1,1628983,G
Shake Milton,LAL,57,836.2766666666666,0.453,0.358,0.797,104,102,40,25,4,315,-118,639.8,318,463,1629003,G
Sidy Cissoko,POR,22,114.46333333333334,0.433,0.231,0.333,21,15,11,2,1,32,8,77.7,495,210,1631321,G
Simone Fontecchio,DET,75,1236.6816666666666,0.402,0.335,0.833,215,65,53,31,12,446,16,877.5,274,193,1631323,F
Skal Labissiere,SAC,4,11.96,0.5,1.0,0.0,3,1,0,0,0,5,-1,10.1,553,239,1627746,
Spencer Dinwiddie,DAL,79,2136.085,0.416,0.334,0.802,209,349,102,70,17,872,-222,1805.3,104,521,203915,G
Spencer Jones,DEN,20,124.625,0.324,0.059,1.0,17,5,5,5,5,26,-45,78.9,494,371,1642461,F
Stanley Umude,MIL,22,85.77666666666667,0.192,0.2,0.5,17,4,3,3,6,15,-15,65.4,504,293,1630649,G
Stephen Curry,GSW,70,2252.45,0.448,0.397,0.933,310,421,200,80,30,1718,299,2851.5,19,43,201939,G
Stephon Castle,SAS,81,2162.0216666666665,0.428,0.285,0.724,297,332,177,74,22,1190,-239,2155.4,68,527,1642264,G
Steven Adams,HOU,58,794.0666666666667,0.545,0.0,0.462,327,66,54,22,28,225,172,812.4,286,82,203500,C
Svi Mykhailiuk,UTA,38,760.3066666666666,0.391,0.345,0.8,90,76,52,19,7,334,-106,582.0,325,458,1629004,G-F
T.J. McConnell,IND,79,1415.4333333333334,0.519,0.306,0.74,193,351,109,83,21,720,-56,1681.1,113,388,204456,G
Taj Gibson,CHA,37,408.85,0.495,0.5,0.6,120,21,25,9,18,107,-124,338.5,399,469,201959,F
Talen Horton-Tucker,CHI,58,723.695,0.457,0.336,0.735,100,83,40,21,11,379,19,679.5,310,190,1629659,G
Tari Eason,HOU,57,1420.1933333333334,0.487,0.342,0.76,362,83,65,97,50,686,145,1620.9,126,93,1631106,F
Taurean Prince,MIL,80,2165.86,0.457,0.439,0.813,287,155,82,76,15,656,-22,1423.9,162,317,1627752,F
Taylor Hendricks,UTA,3,74.51666666666667,0.222,0.25,0.75,15,2,2,5,4,14,-22,60.0,509,317,1641707,F
Tazé Moore,POR,2,19.85,0.2,0.25,0.5,8,1,2,2,0,6,-7,21.1,541,266,1631386,
Terance Mann,ATL,67,1414.25,0.496,0.368,0.691,199,121,47,47,15,517,-95,1076.3,231,446,1629611,G-F
Terence Davis,SAC,1,7.883333333333334,0.0,0.0,0.0,1,1,0,0,0,0,-3,2.7,565,252,1629056,G
Terrence Shannon Jr.,MIN,32,338.8283333333333,0.482,0.355,0.81,47,32,15,7,5,138,11,263.4,429,199,1630545,G-F
Terry Rozier,MIA,64,1658.22,0.391,0.295,0.852,238,167,78,37,14,679,-141,1290.1,194,487,1626179,G
Terry Taylor,SAC,3,6.333333333333333,0.0,0.0,0.0,1,2,0,0,0,0,9,4.2,563,206,1630678,
Thomas Bryant,IND,66,963.0166666666667,0.508,0.324,0.859,251,53,30,28,41,429,-37,986.7,256,358,1628418,C-F
Tidjane Salaün,CHA,60,1244.3533333333332,0.33,0.283,0.713,280,74,58,29,14,353,-321,871.0,276,549,1642275,F
Tim Hardaway Jr.,DET,77,2152.795,0.406,0.368,0.855,183,123,48,38,7,844,25,1335.1,181,180,203501,G-F
Tobias Harris,DET,73,2305.4133333333334,0.477,0.345,0.861,432,162,85,74,57,1002,187,2071.4,74,75,202699,F
Tolu Smith,DET,1,22.35,0.667,0.0,0.667,8,0,2,0,0,14,7,21.6,540,213,1642449,F
Tony Bradley,IND,14,112.73833333333333,0.644,0.333,0.333,42,6,5,2,9,61,44,148.4,459,147,1628396,C-F
Torrey Craig,BOS,26,313.94666666666666,0.422,0.364,0.667,73,17,8,8,12,108,-49,273.1,425,377,1628470,F
Tosan Evbuomwan,BKN,28,664.93,0.427,0.312,0.753,120,55,39,24,10,267,-66,556.5,332,404,1641787,F
Toumani Camara,POR,78,2548.0516666666667,0.458,0.375,0.722,450,175,109,116,50,882,-114,2073.5,73,461,1641739,F
Trae Young,ATL,76,2739.06,0.411,0.34,0.875,236,880,355,91,12,1841,34,3398.2,7,167,1629027,G
Trayce Jackson-Davis,GSW,62,966.7866666666666,0.576,0.0,0.578,311,104,45,23,38,407,-61,1074.2,233,394,1631218,F
Tre Jones,CHI,46,904.9716666666667,0.538,0.396,0.821,116,192,35,37,10,330,-31,863.2,278,347,1630200,G
Tre Mann,CHA,13,319.045,0.435,0.4,0.905,38,39,25,7,4,183,-55,295.1,413,384,1630544,G
Trendon Watford,BKN,44,912.6766666666666,0.469,0.33,0.762,160,115,83,27,12,450,-65,848.5,281,401,1630570,G-F
Trentyn Flowers,LAC,6,26.515,0.364,0.0,1.0,4,0,1,0,0,11,-6,14.8,548,263,1642280,F
Trevelin Queen,ORL,31,430.28,0.381,0.286,0.857,54,38,22,31,10,152,-86,374.8,388,437,1630243,G
Trey Alexander,DEN,24,117.22166666666666,0.317,0.176,0.75,12,11,5,2,1,32,-25,66.9,503,329,1641725,G
Trey Jemison III,LAL,38,392.0233333333333,0.554,0.0,0.394,105,16,24,9,15,95,-18,293.0,415,304,1641998,C
Trey Lyles,SAC,69,1349.5216666666668,0.42,0.34,0.7,316,82,39,41,23,451,-70,1106.2,224,414,1626168,F
Trey Murphy III,NOP,53,1854.23,0.454,0.361,0.887,268,188,103,56,39,1124,-384,1909.6,92,558,1630530,F
Tristan Thompson,CLE,40,328.17,0.437,0.0,0.233,134,24,14,2,11,69,-85,290.8,420,436,202684,C-F
Tristan Vukcevic,WAS,35,512.51,0.496,0.373,0.776,130,39,42,11,23,330,-125,604.5,323,472,1641774,F
Tristan da Silva,ORL,74,1628.6116666666667,0.412,0.335,0.873,245,113,56,33,18,533,-127,1093.5,227,474,1641783,F
Tristen Newton,MIN,8,16.145,0.125,0.0,1.0,4,2,2,1,0,3,-5,11.8,551,258,1641803,G
Ty Jerome,CLE,70,1392.4,0.516,0.439,0.872,173,237,92,78,3,878,302,1592.1,132,39,1629660,G-F
TyTy Washington Jr.,PHX,16,118.34833333333333,0.311,0.19,0.5,13,16,3,3,0,35,2,80.6,491,226,1631102,G
Tyler Herro,MIA,77,2725.08,0.472,0.375,0.878,399,424,198,69,17,1840,99,3014.8,17,112,1629639,G
Tyler Kolek,NYK,41,296.15166666666664,0.329,0.298,0.765,27,70,18,12,4,81,-1,248.4,433,239,1642278,G
Tyler Smith,MIL,23,121.57333333333334,0.48,0.433,0.75,25,4,8,3,4,67,8,116.0,474,210,1641890,F
Tyrese Haliburton,IND,73,2450.391666666667,0.473,0.388,0.851,258,673,120,105,49,1359,222,3020.1,16,64,1630169,G
Tyrese Martin,BKN,60,1315.32,0.406,0.351,0.793,219,122,74,34,9,523,-258,1023.8,243,530,1631213,F
Tyrese Maxey,PHI,52,1960.195,0.437,0.337,0.879,174,317,124,91,21,1369,-124,2265.3,63,469,1630178,G
Tyson Etienne,BKN,7,151.08166666666668,0.327,0.295,0.8,9,12,8,3,1,55,-70,87.8,486,414,1630623,G
Tyus Jones,PHX,81,2173.516666666667,0.448,0.414,0.895,196,429,91,69,8,829,-92,1847.7,101,444,1626145,G
Ulrich Chomche,TOR,7,32.175,0.4,0.0,0.5,8,2,2,0,1,5,-24,18.6,542,325,1642279,C
Vasilije Micić,PHX,41,784.9083333333333,0.348,0.36,0.829,89,128,77,15,0,269,-122,535.8,337,467,203995,G
Victor Wembanyama,SAS,46,1527.2533333333333,0.476,0.352,0.836,506,168,149,52,176,1116,102,2510.2,43,110,1641705,F-C
Vince Williams Jr.,MEM,27,498.5466666666667,0.401,0.274,0.792,98,55,33,12,7,179,6,403.1,383,217,1631246,G
Vlatko Čančar,DEN,13,135.82833333333335,0.385,0.267,0.0,32,9,11,3,2,24,-18,79.9,492,304,1628427,F
Vít Krejčí,ATL,57,1152.6316666666667,0.497,0.437,0.711,156,147,50,36,26,412,-66,955.7,258,404,1630249,G
Walker Kessler,UTA,58,1740.32,0.663,0.176,0.52,707,97,86,36,138,641,-329,2070.9,75,550,1631117,C
Wendell Carter Jr.,ORL,68,1758.2683333333334,0.46,0.234,0.737,492,134,77,52,41,618,-13,1611.4,128,286,1628976,C-F
Wendell Moore Jr.,CHA,36,498.9166666666667,0.468,0.341,0.818,95,42,27,20,5,150,-134,375.0,387,482,1631111,G
Xavier Tillman,BOS,33,230.90333333333334,0.245,0.156,0.75,43,7,14,11,5,34,-12,130.1,469,283,1630214,F
Yuki Kawamura,MEM,22,92.66666666666667,0.367,0.304,0.778,12,19,5,2,0,36,27,79.9,492,175,1642530,G
Yuri Collins,GSW,2,16.3,0.333,0.0,0.0,3,4,0,2,0,2,-5,17.6,544,258,1641879,
Yves Missi,NOP,73,1955.79,0.547,0.0,0.623,601,99,82,37,98,665,-514,1857.7,100,565,1642274,C
Zaccharie Risacher,ATL,75,1843.3866666666668,0.458,0.355,0.711,268,92,92,52,37,942,-121,1576.6,137,465,1642258,F
Zach Collins,CHI,64,977.06,0.507,0.302,0.885,288,111,60,29,29,407,-29,1033.1,239,343,1628380,F-C
Zach Edey,MEM,66,1415.765,0.58,0.346,0.709,548,65,88,36,85,610,164,1640.1,119,87,1641744,C
Zach LaVine,SAC,74,2602.48,0.511,0.446,0.825,315,310,208,58,12,1724,-70,2569.0,40,414,203897,G
Zeke Nnaji,DEN,57,607.9666666666667,0.496,0.327,0.614,90,23,14,25,38,184,-23,501.5,343,323,1630192,F-C
Ziaire Williams,BKN,63,1541.4033333333334,0.412,0.341,0.821,287,84,67,62,28,632,-330,1305.4,189,551,1630533,F
Zion Williamson,NOP,30,857.2766666666666,0.567,0.231,0.656,216,159,90,37,27,737,-42,1336.7,180,369,1629627,F
Zyon Pullin,MEM,3,2.6016666666666666,0.0,0.0,0.0,0,0,0,0,0,0,1,0.0,569,230,1642389,G
